{"bond_lengths_mean_initial": [1.3499999999999996, 1.35, 1.3499999999999996, 1.35], "angles_initial_mean": [1.0, 2.0, 29.0, 30.0], "angles_initial_weighted_mean": [1.0, 2.0, 29.0, 30.0], "energy_bonds_initial": [4.461994495156348e-29, 6.039716305598372e-29, 3.229399330748517e-29, 7.839305245633805e-29], "energy_surface_initial": [22.160103071364862, 22.411868896376454, 23.81813017466968, 23.85319068192136], "energy_total_initial": [22.160103071364862, 22.411868896376454, 23.81813017466968, 23.85319068192136], "bond_lengths_mean_final": [1.3518836382253916, 1.351883628156653, 1.3629076053908233, 1.362907446349036], "angles_final_mean": [6.543546049186943e-05, 0.00015961551961633327, 25.331208988923468, 34.66875421289174], "angles_final_weighted_mean": [6.370324895634893e-05, 0.00015577623875471405, 25.278267196488166, 34.72169650421016], "energy_bonds_final": [0.5111653232237614, 0.5111608651183819, 0.8040041244509265, 0.8039984512743499], "energy_surface_final": [20.340131675391945, 20.340137695902843, 21.357608334076215, 21.357615891746896], "energy_total_final": [20.851296998615705, 20.851298561021224, 22.16161245852714, 22.161614343021245], "position_cm_initial": [[0.10000000000000002, 1.4252863153971603e-17], [0.1, 6.00120553851436e-18], [0.10000000000000003, -1.800361661554308e-17], [0.10000000000000005, 1.200241107702872e-17]], "position_cm_final": [[3.7286617175457627e-06, -1.611083679298367e-07], [4.255732973951359e-06, -1.72635579754135e-07], [7.022586199523528e-05, 2.255933326403206e-06], [5.5928620960194055e-06, -2.2311408596929647e-07]], "velocity_cm_initial": [[0.0, 0.0], [0.0, 0.0], [0.0, 0.0], [0.0, 0.0]], "velocity_cm_final": [[-1.8610578646702854e-06, -7.50240400374462e-08], [-1.6329228994812784e-06, 6.526563656644522e-09], [-1.5869068160849682e-05, -1.0181121016547123e-07], [-1.2634397930804282e-06, 1.3714825272593889e-07]], "process_time": [2.733629, 2.598456, 3.6619839999999995, 9.764371999999998], "n_check": [6, 6, 9, 23], "n_check_max": [30, 30, 30, 30], "stopped": [true, true, true, true], "n_timepoints": [481, 481, 721, 1841]}